Ticker,NPM_Y,GPM_X1,OPM_X2,EBITDA_M_X3,ROA_X5,ROE_X6,CurrRatio_X7,QuickRatio_X8,CashPS_X10,LogOpCashFlow_X11,FCF_PS_X12,DER_X13,PER_X16,PBV_X17,PSR_X18,FirmSize_X19,RevGrowth_X20
CPRO,0.041550003,0.20368,0.09048,0.102390006,0.07947,0.10436,1.093,0.409,2.054324002610733,27.078345157527984,5.461980699963643,43.245,8.985507,0.92504174,0.37961978,28.93759234420409,0.081
MSJA,0.07433,0.18787001,0.11095,0.13692,0.03813,0.05955,2.255,1.61,0.0026605345286237,19.165081778375473,0.0004210745329475,16.159,25.829216,34.896095887499996,76.3275764,28.397856034326427,-0.098
STAR,0.39859498125,0.8970836937500001,-0.09069,-0.32741624875,-0.0027599998,0.01746,6.9083749999999995,4.698624999999999,106.45695859518976,21.96592968831191,-7.706850020099226,5.327,115.90186012499998,7.1529446,76.3275764,28.951175775193462,0.548
PTSN,0.055040002,0.14298001,0.0758,0.14795,0.04937,0.096420005,1.245,0.644,0.0016261988309375,19.165081778375473,-0.0055955195975269,24.641,8.707709,34.896095887499996,76.3275764,28.143068379671664,0.5878749999999999
CMNP,0.18215999,0.39001,0.36645,0.40620998,0.043720003,0.05054,0.923,0.515,58.37695856440821,27.01135898169703,-89.75242766083986,40.363,9.712929,0.5895608,1.8854378,29.83268901060612,0.168
UNIC,0.07027,0.13729,0.13482,0.087299995,0.058369998,0.09061,6.72,4.638,0.4181842016407094,19.165081778375473,0.1605702583746063,1.48,7.5670104,34.896095887499996,76.3275764,28.88864800766653,0.218
INET,0.24544,0.44139,0.46311375624999995,0.51993,0.04389,0.06432,2.242,2.227,7.183177908187969,25.079560317306417,0.3175243987934277,2.833,115.90186012499998,7.873434,76.3275764,29.595965137641493,0.5878749999999999
MDIY,0.14133,0.56194,0.20628999,0.27278,0.15513,0.31117,1.673,0.188,14.579169508120398,27.85730376818193,7.544166298325171,54.99,20.07985,5.593317,2.8192308,30.700829931598115,0.187
CARS,0.040949997,0.12562999,-0.011030001,0.063,0.05481,0.20035,0.907,0.713,29.611393024,25.70012955183744,26.5523101696,88.656,7.0053887,1.4561398,0.26797235,27.94217558920137,-0.309
PGAS,0.0806,0.17105,0.14538,0.21868,0.049489997,0.12082,1.936,1.704,0.0527224120594778,20.29096694310937,0.0201593740813864,32.802,10.126348,34.896095887499996,76.3275764,31.59841240719015,0.008
PSSI,0.02623,0.14142999,0.01958,0.22752,0.01097,0.011089999,6.269,4.698624999999999,0.0152740196979793,19.165081778375473,0.0021391807005571,9.545,68.26347,34.896095887499996,76.3275764,28.21397616161005,-0.207
LPPF,0.13652,0.66010004,0.01874,0.25105,0.16562749999999998,0.37747999925,0.522,0.078,533.7088592172603,28.060824296121936,149.54602889564947,134.96012499999998,5.1105666,22.494362,0.3634715,28.39525873152501,-0.12
PBRX,0.32406,0.13861,0.00777,0.06043,0.026789999,0.37747999925,4.844,1.802,0.0006428949744338,19.165081778375473,0.0007259613860206,68.723,0.6330024,34.896095887499996,76.3275764,27.57467219861386,-0.061
MKPI,0.39859498125,0.54925996,0.46311375624999995,0.59115005,0.083459996,0.14846,2.167,2.035,533.7088592172603,27.960284088623336,149.54602889564947,0.03,20.721405,2.9984555,8.806159,30.732695416362738,0.009
MDLA,0.02558,0.09526,0.03348,0.035669997,0.0508,0.15032,1.73,1.02,27.113376391127414,27.01366950519385,17.73654631496504,10.479,8.838569,1.1580609,0.22801295,28.85217648133525,0.114
DOOH,0.02158,0.28375998,0.068390004,0.18552999,0.02153,0.00961,5.418,2.082,1.394985638870029,23.466095345888068,-4.141356714148211,24.353,115.90186012499998,5.787671,8.221722,27.899422957393515,-0.139
FPNI,0.00057,-0.0167,-0.00815,-0.02471,-0.05836,0.00176,1.449,0.834,0.0060927915171239,19.165081778375473,0.0039273262822348,0.255,115.90186012499998,34.896095887499996,76.3275764,28.674427605455936,-0.093
WOMF,0.17802,0.8970836937500001,0.10199001,0.0,0.029409999,0.11630999,4.071,4.051,176.3111501877069,23.928853731208797,0.0,134.96012499999998,5.0518136,0.5667194,0.8993648,27.713726955267067,-0.157
SONA,0.082040004,0.52157,0.16496,0.1027,0.051820002,0.11016,4.382,3.969,533.7088592172603,25.96537188917941,149.54602889564947,16.696,18.019257,1.8720828,1.47547,27.8946276861254,-0.001
POWR,0.109189995,0.45856997,0.22167,0.31322,0.05454,0.08249,6.9083749999999995,4.698624999999999,0.0196689094638326,19.165081778375473,0.0039062769110189,48.03,11.037528,34.896095887499996,76.3275764,30.036249629786656,0.004
TSPC,0.110080004,0.37307,0.15800999,0.15265,0.084750004,0.16377,3.325,2.363,533.7088592172603,28.166251746055863,149.54602889564947,10.393,8.140338,1.301937,0.8961479,30.134236887972754,0.048
ERAL,0.029649999,0.16664,0.0423,0.04778,0.05296,0.10264,1.889,0.492,32.0157983213494,25.254834186707765,-10.060624020048191,16.121,10.7394905,1.069486,0.3182749,28.227450916994947,0.276
DCII,0.39859498125,0.5718,0.43271,0.63052,0.16562749999999998,0.36146998,1.223,1.191,197.6771094737908,27.95884676909949,-45.35896636969569,29.118,115.90186012499998,34.896095887499996,76.3275764,33.065000686965256,0.5878749999999999
MPMX,0.03559,0.0832,0.044320002,0.042659998,0.039839998,0.08975001,1.516,1.124,483.5818092824687,26.07394790426989,2.906909341159596,0.548,7.9365077,0.717754,0.2842759,29.108029558899226,-0.028
FISH,0.00956,0.04447,0.01644,0.02256,0.02587,0.06874,1.455,0.667,0.01728339,19.165081778375473,0.00385293625,72.631,26.865671,34.896095887499996,76.3275764,29.09427650680679,0.005
ELPI,0.24466999,0.28929,0.19636999,0.33575,0.06196,0.13172,6.905,4.391,56.48812831084727,26.712460325261997,-9.891088440366971,13.705,39.67806,4.9262815,9.711377,29.97415864490849,-0.296
BBLD,0.10185,0.8970836937500001,0.06091,0.0,0.0061799996,0.03075,2.657,2.557,288.07519294732737,27.36734847652744,0.0,134.96012499999998,31.878557,0.9752178,3.2498698,27.954891916725007,0.01
PRDA,0.085200004,0.57425,0.08383001,0.13024999,0.04378,0.08068,6.368,4.698624999999999,533.7088592172603,26.62161956819783,149.54602889564947,0.942,11.517615,0.91645724,0.9986306,28.433583167779005,-0.023
GGRM,0.01189,0.09082,0.05948,0.05663,0.014789999,0.01773,3.271,0.514,533.7088592172603,29.427384770335795,149.54602889564947,3.623,26.740791,0.47124636,0.31758595,31.006768694577232,-0.038
ASRI,0.01969,0.52234,0.25,0.34363,0.02318,0.00479,0.867,0.203,38.18438084664572,27.8939631511782,6.907490604484193,53.372,59.533077,0.2678764,1.1707599,28.731751136895177,-0.156
GOOD,0.047270004,0.27357998,0.08886,0.105579995,0.07132,0.18072,1.351,0.761,28.82560334309273,27.65849390694424,4.978767602496943,49.456,21.406727,3.4416976,1.0106479,30.18881168058344,0.065
BOLA,0.08302,0.87915003,0.091079995,0.10594,0.01055,0.03934,6.9083749999999995,4.698624999999999,55.76906615466667,24.667622296425545,-6.246063445333333,2.554,11.216859,1.5814898,2.7261221,27.62097076869727,0.496
ATIC,0.025840001,0.12562001,0.054,0.0721,0.079679996,0.37747999925,1.164,0.653,203.1160800954113,26.695749742447543,98.08694319163844,134.96012499999998,5.8737154,2.3600214,0.14264809,27.890768394421105,0.5878749999999999
APIC,0.04601,0.01227,-0.14345,0.0,0.01387,0.03765,2.375,2.362,533.7088592172603,26.73250803038385,0.0,57.19,115.90186012499998,6.0423627,7.710213,30.414715533457624,0.035
BCAP,0.0542,0.60765,0.106529996,0.0,0.00558,0.02441,3.41,3.352,177.36543382241058,28.52307036567361,0.0,65.795,16.932907,0.4371026,0.9187402,28.44585444527451,0.216
MAIN,0.02151,0.089329995,0.05032,0.05608,0.050079998,0.10343,1.607,0.551,130.8239894954999,27.265227958967312,127.50415203248656,65.693,6.1769896,0.62524617,0.13310397,28.124239545948235,0.063
YUPI,0.21392,0.32461,0.27901,0.31407,0.16549999,0.32338002,3.968,3.309,107.15601548586515,27.218069231627524,48.867930842953776,46.694,21.671389,7.6254077,4.5270233,30.2015753369573,-0.053
FOLK,-0.18132498874999997,-0.07754,-0.18273625375,-0.32741624875,-0.06475249999999999,-0.15903999874999997,1.545,0.554,0.3814360913183328,21.371166918238192,0.9520590004877292,0.978,115.90186012499998,28.31257,76.3275764,28.534262462862326,-0.288
MGRO,0.0029699998,0.07355,0.01028,0.02706,0.01673,-0.01461,0.766,0.2,63.656911079480615,24.16482346689244,25.729939710488484,134.96012499999998,115.90186012499998,6.6903477,0.38173944,28.52714035110017,0.283
HRTA,0.023759998,0.049250003,0.03724,0.04251,0.11467,0.28483,1.868,0.469,246.66413180886283,26.93276725984628,4.788005429614608,134.96012499999998,12.773968,3.1038802,0.29039496,29.800074664277947,0.5878749999999999
GDST,0.04403,0.11439,0.027980002,0.04927,0.02167,0.07413,1.227,0.963,107.39090232296456,25.32637038762809,-4.848158107871247,80.683,9.59596,0.74145854,0.45465547,27.683276709500085,-0.244
RANC,-0.02029,0.24370001,0.0029300002,0.010880001,-0.014520001,-0.15903999874999997,0.895,0.154,48.41868839987536,25.479492897153985,45.25847282768319,121.477,115.90186012499998,4.038455,0.38946447,27.750075400151736,-0.003
SIPD,0.00416,0.094469994,0.026589999,0.0295,0.015800001,0.01843,0.974,0.477,533.7088592172603,25.37053723087068,-89.75242766083986,73.66,115.90186012499998,2.2666974,0.5178426,28.639074656165565,0.1
PWON,0.30543,0.56353,0.41426998,0.5286,0.05243,0.102419995,3.976,2.356,152.14660728079434,28.755025156573748,61.14279498420444,21.136,8.104458,0.7939274,2.4759037,30.48389039401405,0.144
MYOR,0.0754,0.21122,0.09075,0.14089,0.07305,0.17171,2.961,1.728,201.68677632347732,28.505575050765277,51.2238318404008,51.345,18.570978,3.040524,1.3993939,31.5938235691621,-0.006
ALDO,0.00145,0.13239999,0.05945,0.06518,0.01958,0.00271,1.207,0.629,25.48708983852034,24.49796027054139,9.610886847503131,55.378,115.90186012499998,1.4811965,0.7497458,28.06150818087577,0.149
CLEO,0.15622,0.56294996,0.20341998,0.29895002,0.13841,0.22021,1.425,0.434,1.716152832,27.06103474641164,4.860688042666666,20.022,20.50187,4.241313,3.277201,29.851962162993196,0.067
TUGU,0.12544,0.42128,0.46311375624999995,0.17289,0.011569999,0.05059,1.033,0.285,533.7088592172603,25.699708053518837,149.54602889564947,7.292,8.830194,0.3953342,1.1071734,29.02175569160141,0.008
PRAY,0.06437,0.27644,0.13044,0.22417,0.03269,0.04423,2.624,2.128,49.974347812373296,26.48591141719718,-55.36437168578245,49.821,75.32957,3.516607,4.8600516,30.044032277115143,0.224
TPIA,0.2208,0.01541,0.04507,0.00043000001,-0.01306,0.37747999925,2.977,1.977,0.0297087517558663,19.746872089851696,-0.0160379850422535,82.7,19.551315,34.896095887499996,76.3275764,33.065000686965256,0.5878749999999999
ROTI,0.0677,0.51114,0.09856,0.14563,0.05795,0.121920004,1.136,0.926,70.24879495766181,26.809657598320868,33.937192678524255,46.462,17.202354,2.2170427,1.1562392,29.084483385674943,-0.076
VICI,0.11655,0.55515,0.14471,0.17177,0.10474,0.15458,5.003,2.291,7.332349252236136,25.938679042998963,16.21098002623733,7.783,23.740711,3.5199413,2.769576,28.98093666575388,0.031
BUKA,0.33810002,0.08525,-0.0074699996,-0.05234,-0.0075,0.07817,6.9083749999999995,4.698624999999999,214.21626296077343,26.3600051213407,36.013146422167615,0.456,6.6127496,0.5197563,2.477451,30.293911481945024,0.5878749999999999
BSDE,0.24181,0.60144,0.17087999,0.34500998,0.02962,0.06888,2.865,0.987,516.2379606252044,27.97717141079909,-58.1147276475747,29.146,6.231393,0.44123814,1.506687,30.56605052363232,-0.128
KLBF,0.10163,0.39924,0.09561,0.14959,0.09329,0.14554,3.85,2.147,92.6872636421481,28.865049709620088,50.59071233548059,2.102,14.882506,2.248454,1.5053029,31.577412036157764,0.126
GTSI,0.15123,0.36375,0.21198,0.46895,0.04403,0.0867,2.047,1.747,0.002025222887983,19.165081778375473,0.0001646045578039,46.231,41.90141,34.896095887499996,76.3275764,28.95675733519816,0.17
PANI,0.24195999,0.63144,0.46311375624999995,0.53893,0.0275,0.0678,1.948,0.297,253.89784726317305,27.364209925085422,123.38306415810143,2.054,115.90186012499998,5.956904,37.411392,32.59789562103424,0.5878749999999999
JSMR,0.14502,0.45294997,0.29012,0.44881,0.03849,0.08915,0.414,0.361,533.7088592172603,29.311923695288385,-89.75242766083986,119.434,6.6118426,0.73528904,0.95860463,30.896815461682312,-0.132
BESS,0.24465,0.43264,0.15258001,0.34984002,0.08984999,0.15508,6.9083749999999995,4.698624999999999,44.19026452592472,25.502848445631447,28.451965945597887,2.687,55.555553,7.925713,13.454786,29.282040393819383,0.067
MKTR,0.05945,0.17093,0.10583,0.1462,0.06033,0.11447,3.488,1.048,14.360216469733375,25.375441641091317,-9.980730559417406,118.776,22.891567,2.4807417,1.3454338,28.103544682982356,0.5878749999999999
AISA,0.04788,0.37935,0.0797,0.11288,0.046479996,0.08653,1.01,0.839,533.7088592172603,26.09035339846216,-62.240741451851854,21.347,13.1,1.0867941,0.25649565,26.934968369946706,0.006
CHIP,0.03689,0.12318,0.17618999,0.14234,0.05075,0.06869,2.542,0.954,8.213583404466501,23.65883594818621,-39.78400841687345,49.52,115.90186012499998,13.835364,7.779856,27.62642053500229,-0.453125
ADRO,0.26556,0.35362,0.3103,0.3813,0.03611,0.06791,4.087,3.73,0.0570866248538193,20.523841235342285,-0.0139118534986805,14.189,9.331531,34.896095887499996,76.3275764,31.764411187410985,-0.01
WIIM,0.11257,0.38595,0.18957001,0.16889,0.101210006,0.19354,2.299,0.476,184.9493824123458,26.230356210261792,35.633261820066906,16.606,9.546408,1.7441081,1.0747823,28.909476294663847,0.329
MSTI,0.10232,0.18656999,0.12229,0.13805,0.13058,0.26108998,3.8,1.943,197.826473994751,27.235051282091103,149.54602889564947,4.754,7.904206,1.9975435,0.8142408,29.067727650793582,-0.257
JPFA,0.05786,0.20377001,0.10704,0.11093,0.090059996,0.20716,1.222,0.294,197.6756818590344,29.313695881468565,149.54602889564947,62.876,9.301839,1.8253715,0.53875434,31.066487145698048,0.146
JKON,0.03198,0.13529,0.03765,0.047069997,0.010570001,0.03817,2.222,1.504,18.24914274470522,25.721725823243407,4.764854910873561,4.559,10.614526,0.3998169,0.33965468,27.8456868340338,-0.095
OMED,0.18327999,0.33748,0.18476999,0.20736,0.07853,0.14598,6.9083749999999995,4.698624999999999,47.67972805922832,26.57816679081825,5.428390996737423,8.15,14.740741,2.0582092,2.7031727,29.31419539631025,0.122
PANS,0.27096,0.8970836937500001,0.46311375624999995,0.0,0.0387,0.06473,2.234,2.227,533.7088592172603,25.45488284120998,0.0,1.42,11.26408,0.71856624,3.0507863,27.71580889966473,-0.001
HEAL,0.06073,0.31069002,0.14632,0.24654,0.053779997,0.08409,1.624,1.526,62.268393238817,27.672651428280865,-55.538959484834976,46.543,46.276596,3.5789118,2.8734288,30.62937818024416,0.129
PTBA,0.075219996,0.14867,0.07408,0.09395,0.049850002,0.15961,1.025,0.657,387.08492876746766,29.214234777108604,127.7612968000282,19.582,8.943032,1.4153785,0.67327154,31.00677988080177,-0.012
TINS,0.09559,0.24139,0.17884001,0.21738,0.052529998,0.11897001,1.778,0.833,181.14308311005797,26.38523977550256,-11.991804322150942,33.641,25.199389,2.9049437,2.4018857,30.72749542923169,-0.215
AGII,0.02826,0.42757,0.11501,0.25097,0.030350002,0.023239998,2.843,1.862,119.2610158543823,26.70111814106655,-43.05946813275681,97.005,62.52233,1.4393898,1.7932671,29.311225917810464,0.021
PBSA,0.15842,0.20447001,0.16719,0.17989999,0.13584,0.31697,2.27,1.719,129.03521757866667,26.440495434605083,80.57716189866666,1.461,19.384855,5.8640018,3.0687294,29.135098530454155,-0.192
ADMF,0.22042999,0.8970836937500001,0.30595,0.0,0.03746,0.107489996,6.655,4.698624999999999,533.7088592172603,28.169075274386103,0.0,134.96012499999998,6.481879,0.67891914,1.7565848,29.914274478067583,0.013
PLIN,0.39859498125,0.65832,0.45676997,0.53209996,0.03185,0.088719994,1.752,1.648,232.92681106045245,27.33672580577898,145.61590800838948,4.676,8.896923,0.7779778,6.273991,29.81423032017141,0.001
VKTR,-0.00169,0.16604,0.0069700005,0.07205,0.00061,0.00179,1.58,0.663,3.3254400702171427,25.10246346255755,-0.5216171271314286,18.59,115.90186012499998,28.21811,27.680573,31.02385021573733,0.279
ENAK,-0.02671,0.66116,-0.05488,0.056700002,0.0043,-0.14727001,0.197,0.043,6.303061155503929,25.15550963391723,76.47710446294742,134.96012499999998,31.48148,4.517272,0.75801486,27.7308664559951,-0.052
UNVR,0.10455,0.47616002,0.17636,0.1649,0.16562749999999998,0.37747999925,0.5,0.258,23.164149706744777,29.0973064108872,91.94074394208783,47.547,21.150238,22.985641,2.1917503,31.980582685709955,0.124
JTPE,0.12045,0.23577999,0.20216998,0.18301001,0.11203,0.23466998,1.58,0.725,59.40859130917025,27.176830555901045,65.36993746397064,1.156,14.260475,3.2392144,1.7183568,28.984639414154543,0.5878749999999999
TOTL,0.1041,0.19823,0.06937,0.10536,0.06216,0.32549,1.25,1.172,459.34036337360703,27.113418391460502,147.39777674134896,0.403,9.056672,2.8016722,0.94266444,28.86768367318704,0.418
CPIN,0.06862,0.17561,0.13108,0.12603,0.1042,0.15427,2.833,0.933,280.7644729513355,29.464049680173492,149.54602889564947,22.875,15.584962,2.2833598,1.064995,31.91883486285052,0.047
BHIT,0.01179,0.38527,0.12318,0.24074,0.01979,0.0188,1.273,0.752,150.6267769589494,28.487625506124974,40.484298622191695,27.166,17.142859,0.17123206,0.20233189,28.73214318260068,-0.012
HRUM,0.01589,0.17284,0.09636,0.16082,0.02991,0.014099999,2.5,1.236,0.0143211329268055,19.165081778375473,-0.048071073110353,33.279,37.757008,34.896095887499996,76.3275764,30.21944857650985,0.014
BIPI,-0.00723,0.23261999,0.19499001,0.38766,0.02547,0.00408,1.139,0.661,0.004684006001873,19.165081778375473,0.0031814359765961,120.811,75.90909,34.896095887499996,76.3275764,29.99560427550039,-0.453125
TBIG,0.18868,0.71693003,0.46311375624999995,0.69675374925,0.05982,0.118990004,0.158,0.113,38.30043006441171,29.317157248499363,133.21079017532892,134.96012499999998,29.909418,3.8915439,5.654778,31.29552253434329,-0.0
RATU,0.31559,0.49284,0.46311375624999995,0.52059,0.16562749999999998,0.37747999925,4.083,3.886,0.0123971348192068,19.165081778375473,0.0085106703962919,36.548,48.22737,34.896095887499996,76.3275764,30.212926793213235,-0.183
SGER,0.03075,0.067600004,0.10471,0.05377,0.05638,0.12696,2.081,0.28,13.62954165692895,26.975120090397144,-70.59308836307618,87.347,25.292479,3.220429,0.7783996,29.587794431375727,-0.453125
ARCI,0.21154,0.41777,0.44856,0.45380002,0.112270005,0.28336,0.533,0.165,0.0009282336437487,19.165081778375473,6.420733108777492e-05,118.6,26.64079,34.896095887499996,76.3275764,31.27136266520691,0.5878749999999999
ADCP,0.04146,0.25689,-0.015360001,0.04024,0.00068000006,0.0029499999,1.521,0.042,0.8607667515807668,24.478958375439976,-7.464783797544784,47.994,115.90186012499998,0.45939854,6.464354,27.813342624935835,-0.453125
FMII,0.39859498125,0.73585,0.46311375624999995,0.51207,0.01978,0.03422,2.689,0.026,0.22035536,21.65035410386321,-0.20165922,7.831,65.940056,2.2292025,32.20455,28.0685015323117,-0.453125
SMAR,0.020869998,0.111269996,0.052249998,0.04002,0.04651,0.089320004,1.919,0.641,533.7088592172603,29.466160937280872,149.54602889564947,72.852,8.397781,0.7211372,0.17504144,30.367855624991225,0.097
TBLA,0.03889,0.17119,0.10548,0.16729,0.055710003,0.09507,1.174,0.534,131.8799177430199,28.47535769188282,-89.75242766083986,134.96012499999998,4.605454,0.42467788,0.1790228,28.9698433059732,0.387
KEEN,0.10223,0.60064,0.46311375624999995,0.51273996,0.02892,0.02204,1.649,1.383,0.0002809662296926,19.165081778375473,0.0008900103305432,52.967,65.13286,34.896095887499996,76.3275764,28.93519500117277,-0.174
ASLI,-0.06078,0.12562999,-0.18273625375,0.11253,-0.00682,-0.033570003,3.516,1.451,0.71541456896,24.57219458281296,0.2293183488,9.438,115.90186012499998,6.347398,11.306244,28.704315551626383,-0.453125
SMBR,0.097320005,0.30734,0.13003,0.21961,0.047020003,0.07312,1.443,1.088,3.065060329029805,26.40087418073321,14.108403737009745,15.563,10.83785,0.7613604,1.0474104,28.579763132704716,0.201
BSSR,0.11,0.29399002,0.09264,0.21033001,0.14829001,0.27105,2.744,1.295,0.01676333269635,19.165081778375473,0.0141173017389642,0.286,7.3723617,34.896095887499996,76.3275764,29.94869384390523,-0.2
INKP,0.16702,0.30212,0.21389,0.25694,0.03088,0.08108,2.57,2.063,0.6430778421248234,20.274398810737804,-0.0415475614622282,73.499,5.128622,34.896095887499996,76.3275764,31.434613601933723,-0.023
GJTL,0.05579,0.19272,0.09871,0.14109,0.05039,0.10264,1.505,1.031,358.891320711354,27.842982422368134,-89.75242766083986,54.454,3.698355,0.36193594,0.20659547,28.9281095999752,-0.06
CITY,0.11882,0.55645,0.13137999,0.13818,0.01066,0.01915,6.9083749999999995,2.035,8.92607610344182,24.68507552990675,-3.9686844280441016,10.565,62.153847,1.2426028,7.787549,27.718892950266557,0.076
MGNA,0.13774,0.53183,0.23802,0.0,0.04954,0.17926,0.262,0.168,0.759000194292483,22.204629825531143,0.0,134.96012499999998,7.4954195,27.979277,20.480925,27.54868326844616,-0.052
MERK,0.1627,0.40153,0.29729,0.22862,0.14806,0.22844,6.761,3.586,383.4701897142857,26.05570951975884,149.54602889564947,1.819,8.01784,1.7205689,1.306694,27.99120987916708,0.182
KPIG,0.27609,0.41728002,0.46311375624999995,0.34319,0.01233,0.02348,0.675,0.138,1.21366773710947,27.55598839753109,-3.1882228641448904,21.503,24.489796,0.62801355,6.912826,30.51996744388956,0.5878749999999999
IPCC,0.28308,0.41237998,0.37817,0.28761998,0.1011,0.19577,5.26,4.698624999999999,530.6000171646835,26.72107154958253,149.54602889564947,33.819,8.828251,1.7138484,2.558649,28.464041847744717,0.085
HEXA,0.05817,0.20388001,0.08758,0.10903,0.07315,0.17781,1.485,0.641,0.0305144619047619,19.165081778375473,-0.0214204761904761,93.906,6.504438,34.896095887499996,76.3275764,28.903586694223176,0.348
SOCI,0.10441,0.2609,0.21117,0.30258,0.0313,0.042290002,0.793,0.417,0.0011056804079898,19.165081778375473,-0.0073800028332625,46.425,10.345685,34.896095887499996,76.3275764,28.70825446284234,-0.017
POLU,0.06028,0.12773,0.07861,0.04877,0.01413,0.07165,2.037,1.594,94.18436334933334,24.26638047144413,25.861521408,17.952,115.90186012499998,34.896095887499996,76.3275764,30.248873079771908,0.5878749999999999
GWSA,0.39859498125,0.54791,-0.18273625375,-0.32741624875,-0.00657,0.01012,6.9083749999999995,1.44,21.7743590193776,25.35642636379304,-14.427201681887404,2.876,20.417126,0.20160787,21.633097,28.00323366853676,-0.072
UCID,0.00232,0.1848,-0.03734,0.05151,0.00425,0.00364,2.385,1.838,393.6488659100192,25.27031948014734,-25.27184394891916,3.052,115.90186012499998,0.31064346,0.19892626,28.202395998198384,-0.027
FAPA,0.14081,0.29999,0.23264,0.32092,0.108459994,0.27458,0.789,0.302,214.4195258786697,28.345430357368205,94.08883437650232,121.485,22.331116,6.512209,3.0583336,30.699995115207766,0.272
DMND,0.03802,0.19714001,0.046830002,0.06161,0.036059998,0.06561,3.284,1.172,60.67862235641889,27.08754831966047,0.1801790574269522,0.163,18.201284,1.1373875,0.6784724,29.61109727027801,0.179
TGKA,0.03007,0.09272,0.019809999,0.033269998,0.054569997,0.16861,2.038,1.278,533.7088592172603,26.812485314693607,149.54602889564947,8.413,11.844211,2.0654154,0.35572362,29.1474055867974,0.058
DMMX,0.0313,0.11695,0.06705,0.1003,0.02395,0.03698,2.731,1.566,24.115551662751944,24.711847048031515,2.7245975323259306,2.664,81.23077,2.9589114,2.5363417,28.281516960409483,-0.417
RISE,0.14632,0.45078,0.14438,0.27231002,0.013200001,0.02247,2.445,0.693,24.945189720593135,24.67147497925898,11.777388967441633,22.535,115.90186012499998,32.193764,76.3275764,31.869898944487268,-0.045
BUVA,0.27645,0.61822,0.30214,0.33041,0.028169999,0.08522,1.242,1.156,5.02363592746824,25.496041269411627,1.3405440974119278,32.967,115.90186012499998,14.923051,69.85366,30.88800133709893,0.072
ASGR,0.07748,0.21719,0.10585,0.13422,0.05249,0.12087,2.832,2.558,533.7088592172603,26.920672862897728,149.54602889564947,1.051,9.102388,1.1678252,0.7681706,28.478343435573198,-0.019
TIFA,0.39859498125,0.8970836937500001,0.46311375624999995,0.0,0.03354,0.04946,2.929,2.923,43.85789613404376,23.42145192707641,0.0,45.072,23.289316,1.1532928,9.6433115,27.95184196980954,0.244
PGUN,0.18247,0.33481997,0.19374001,0.46315,0.062459998,0.092,1.517,0.338,0.3161838307891497,26.364990804499744,29.22195339894628,21.008,115.90186012499998,25.622568,54.24195,31.50633719120253,0.182
LIFE,0.06508,0.24007,0.10561,0.07439,0.012669999,0.03431,6.9083749999999995,4.698624999999999,533.7088592172603,26.314025196094537,46.87339129904762,0.006,58.0895,1.8419596,3.661277,30.37781116023795,0.203
MNCN,0.11512999,0.48813,0.11975,0.27644,0.034590002,0.04211,6.9083749999999995,4.698624999999999,104.77093114258042,26.97950135598632,14.873939940875491,6.286,3.4628253,0.14134477,0.3986862,28.77780893212902,0.1
BEEF,0.02221,0.06032,0.02898,0.040599998,0.09167,0.37747999925,1.117,0.61,1.1139725835801828,26.202009350203905,-64.98437979861713,134.96012499999998,13.636363,5.956141,0.29350415,28.39357582029076,0.219
KIJA,0.03113,0.40805,0.22981001,0.32656,0.06205,0.08234,5.986,2.065,533.7088592172603,28.410015186959257,149.54602889564947,58.636,26.657646,0.66625404,0.83001906,29.030413716659535,-0.063
TLKM,0.14765,0.58676,0.25212,0.41769,0.083129995,0.18306999,0.772,0.666,333.6690843270881,31.809247143722907,149.54602889564947,50.111,15.951144,2.5281765,2.3527825,33.065000686965256,-0.009
ASSA,0.06627,0.33785,0.19563,0.31274,0.07628,0.185,1.132,1.03,310.32705489959125,27.48022279474913,149.54602889564947,134.726,10.697268,1.8510914,0.7087008,29.03226594983964,0.24
LSIP,0.34333,0.43464002,0.32139,0.46153,0.09846,0.1521,6.9083749999999995,4.698624999999999,292.3162048537305,28.654113581548756,114.2295824948688,0.013,4.059564,0.58441,1.3956712,29.68627993827075,0.456
STAA,0.18971,0.35077,0.25634,0.32259998,0.16562749999999998,0.31083,2.47,1.228,146.61106137966888,27.943929358912367,90.05074985624172,25.739,8.031192,2.1676404,1.5310833,30.206572835093016,0.5878749999999999
AMRT,0.02461,0.21529,0.01894,0.04682,0.06329,0.17877,1.037,0.361,91.4674162122456,29.611990144372808,77.6429152402809,10.566,23.373983,4.1479807,0.5754048,31.90253188649632,0.057
ERAA,0.014880001,0.110419996,0.02369,0.03566,0.046830002,0.121070005,1.169,0.231,114.7410874910141,28.45533868538436,51.17235648256615,92.635,6.0252075,0.71248376,0.08962137,29.453491770678205,0.118
BULL,0.096190006,0.29955998,0.16919,0.37012002,0.06532,0.08422,1.021,0.681,0.0019129633931569,19.165081778375473,0.0005293980810961,57.796,27.722773,34.896095887499996,76.3275764,29.504001591948228,0.51
TRIM,0.37245998,0.8970836937500001,0.46311375624999995,0.0,0.09403,0.29813,1.986,1.966,533.7088592172603,28.04971845668192,0.0,134.96012499999998,9.1729555,2.3787324,3.4160352,29.114389166032336,0.5878749999999999
HUMI,0.07983,0.25855,0.12484,0.29635,0.03757,0.0685,1.379,1.196,0.0026381601593085,19.165081778375473,0.0002697606416263,60.95,23.866667,34.896095887499996,76.3275764,28.80445226977062,-0.064
AALI,0.05124,0.17047001,0.06492,0.12793,0.04449,0.06305,2.727,1.62,533.7088592172603,29.265389282115294,149.54602889564947,0.38,9.88666,0.6055973,0.5064647,30.270229022476247,0.284
IRSX,0.06455,0.13022,0.31773,0.09421,0.07548,0.11936,6.9083749999999995,4.698624999999999,22.480098936618678,22.66364795756894,-2.554564916929448,0.216,52.941174,10.072539,9.23845,28.733224630424303,-0.453125
AYAM,-0.05035,-0.01334,-0.18273625375,-0.02545,-0.02479,-0.08046,0.917,0.02,0.623801856,23.84165476617625,-4.634471424,23.08,53.605442,8.250963,4.9465704,28.08591112555713,-0.438
MKAP,0.12896,0.33367002,0.12619,0.23751,0.08895001,0.18149,2.068,0.405,6.966565651692307,25.30211682200054,32.834945024,38.107,115.90186012499998,8.458666,6.4692383,28.611225152605268,-0.062
SMSM,0.213,0.37126,0.28426,0.31254,0.16562749999999998,0.30177,5.747,3.599,195.001790197782,27.846899900422294,128.36879342934458,4.297,8.952391,2.678278,1.9082363,29.93848316077574,-0.071
NICL,0.27632,0.41371,0.17473,0.36095002,0.16562749999999998,0.37747999925,3.921,2.755,24.452834177550223,27.447217330374087,70.91914774808946,0.378,19.968828,13.1242,5.520181,30.0199248229994,-0.261
JARR,0.07626,0.14633,0.10154,0.16573,0.08687,0.18983999,4.79,2.161,27.74162475757909,26.45831217859537,15.901603085467825,96.457,62.362637,11.185903,4.851203,30.673331977765947,0.146
VISI,0.01131,0.1062,0.07876,0.051859997,0.034760002,0.02322,1.997,1.061,2.717588105365853,24.294911659681915,-3.859505618211382,47.244,115.90186012499998,9.538819,4.658198,28.2009407637635,-0.273
ENRG,0.15668,0.35985002,0.28946,0.69675374925,0.06409,0.11311,0.545,0.316,0.0022344392894691,19.511903883306665,0.0115775852979953,54.32,14.922349,34.896095887499996,76.3275764,31.00219164927904,0.038
ASLC,0.035889998,0.27948,0.044159997,0.04378,0.01963,0.051859997,3.311,2.764,31.931681444693005,25.338293271921035,6.261078786636441,2.585,27.472527,1.2648195,0.9841772,27.58599925296136,0.125
CASA,0.01962,0.38999,0.23834999,0.20146999,0.02163,0.01442,1.143,0.887,280.5800396253684,29.21557297001666,53.19923776308932,44.539,115.90186012499998,10.058083,13.853099,31.979443184736574,-0.367
SMDM,0.04817,0.55149,-0.18273625375,0.1879,0.00921,0.00579,4.422,0.79,37.98527916281734,25.421204843282347,14.936683634045364,1.371,115.90186012499998,1.3470678,8.549826,28.747528475373013,-0.415
ANJT,0.12662,0.27662,0.21867001,0.31864,0.05612,0.07625,0.584,0.252,0.0054202473037334,19.165081778375473,0.0045861509909292,35.078,10.197775,34.896095887499996,76.3275764,29.342002259839628,0.133
APLN,0.11336,0.41924998,0.1702,0.31391,0.03118,0.05475,1.838,0.324,32.132627277862056,27.86574595803226,96.1825102924124,41.104,4.707613,0.25963596,0.5336234,28.69763139883523,0.074
GOLF,0.34140998,0.58509,0.31135,0.43556,0.00557,0.008909999,6.315,2.765,21.463644013473765,25.288151739831964,-39.71918278872424,5.569,55.5,0.541811,20.783464,29.09567854004799,0.099
TPMA,0.18861,0.31851998,0.20751,0.44105,0.07013,0.17132999,1.101,0.959,0.0034973071578733,19.165081778375473,-0.010682910403746,77.255,5.3350806,34.896095887499996,76.3275764,28.3206590463626,-0.021
JRPT,0.39445,0.54623,0.41896,0.46909,0.05868,0.124560006,1.206,0.32,87.74335494905968,27.683658353873003,55.80804579525058,0.085,11.049153,1.3327521,4.3499627,30.25310752097046,0.049
INDO,0.39859498125,0.66353995,0.46311375624999995,0.42962003,0.00543,0.02617,6.9083749999999995,4.698624999999999,71.39825403340964,24.21905539431569,-11.847870882306829,0.078,0.7373072,1.1637708,41.5936,27.828856583010168,0.067
EPMT,0.023540001,0.09883001,0.03388,0.0367,0.053629998,0.099980004,2.356,1.342,182.9965606001536,27.48296674647121,149.54602889564947,1.871,8.215166,0.8142645,0.19346277,29.46037691608437,0.105
CTBN,0.09567001,0.22101,0.068969995,0.15033,0.13151,0.23799999,3.123,1.86,0.04352159465948,19.165081778375473,0.0418665282309527,0.219,9.481771,34.896095887499996,76.3275764,29.17904794963243,0.5878749999999999
ALII,0.37973,0.45848,0.35311002,0.43785,0.08866999,0.22228001,1.581,1.485,0.7913354082574025,26.43474341794496,8.229946842244942,16.731,34.3832,5.179176,10.5565,29.96954262839369,0.185
ULTJ,0.14261,0.33606997,0.19997999,0.18162,0.1065,0.16419001,6.9083749999999995,4.698624999999999,244.8667073107212,27.802942120992498,-9.706366921765271,0.373,12.883489,1.9814211,1.8226439,30.37477768062073,0.008
MBMA,0.02116,0.09074,0.10577,0.1365,0.01606,0.034930002,1.437,0.952,0.0016326615347508,19.165081778375473,-0.0019472471720997,38.395,115.90186012499998,34.896095887499996,76.3275764,31.7939161149256,-0.329
BOLT,0.08387,0.22132999,0.14849,0.14823,0.08465,0.16138001,1.685,0.731,15.28639258624,26.107968829974308,68.70466385237333,32.603,17.359917,2.8888261,1.4564022,28.49272358183017,0.103
CASS,0.15289,0.30923998,0.27969,0.31526,0.16562749999999998,0.37747999925,3.352,3.187,533.7088592172603,27.53311938983862,149.54602889564947,4.55,10.280177,3.5172846,1.6465441,29.258722866456825,0.156
PTPP,0.0093,0.15237,0.051599998,0.04735,-5e-05,0.00441,1.324,0.76,435.99387852970096,26.73160185665445,-89.75242766083986,134.96012499999998,13.509192,0.17226169,0.12636538,28.36849396429789,-0.227
LPGI,0.03661,0.118240006,0.01661,0.051009998,0.035,0.1285,1.94,1.211,460.92639709866665,26.7527562026848,-89.75242766083986,0.026,15.625,1.8779315,0.56528044,28.259629793100256,0.389
MCOL,0.074439995,0.22567,0.12854,0.17162001,0.05647,0.088360004,3.114,2.379,0.0529174093532383,19.165081778375473,0.0240147104816118,11.514,15.368809,34.896095887499996,76.3275764,30.17768589009091,-0.051
AADI,0.14828,0.26429,0.15782,0.22958,0.075100005,0.22769,2.318,2.061,0.1861587391578177,20.57249414706388,0.0138052680470288,27.582,5.1905227,34.896095887499996,76.3275764,31.77223577295392,-0.132
ARII,0.01952,0.05328,0.01885,0.053979997,-0.01613,0.08411,0.688,0.362,0.0025869333333333,19.165081778375473,-0.007204,106.459,7.349666,34.896095887499996,76.3275764,27.62097083489525,0.455
PNGO,0.12699,0.26926002,0.20708999,0.21494,0.16392,0.28751,1.337,0.14,11.84541835264,26.72696112080693,149.54602889564947,25.304,7.9569263,2.0226755,1.0100539,28.48277335839548,-0.025
MITI,0.03599,0.28319,0.09402,0.13079001,0.02496,0.03136,6.9083749999999995,4.698624999999999,47.08211848937524,24.220685009950618,8.56533160924762,1.132,115.90186012499998,2.5522184,4.4460335,27.70812261345207,-0.42
MTEL,0.22773,0.8970836937500001,0.44871,0.66882,0.04552,0.06371,0.382,0.349,18.595955704321305,29.51766218871358,22.07492683140377,53.852,20.183487,1.3645136,4.943581,31.45874521344703,0.014
MYOH,0.14372,0.23396,0.09547,0.22882,0.086780004,0.15289,4.142,3.298,0.0422205068411659,19.165081778375473,4.645806067816776e-05,10.99,21.113102,34.896095887499996,76.3275764,28.769473201893184,-0.168
INPP,0.25597998,0.56885,0.09161,0.30798,0.01952,0.08781999,2.756,1.25,65.84178621638462,26.26699141197732,106.0129942127813,30.637,18.5,1.405623,4.7374187,29.74421879426168,0.377
IMPC,0.14588,0.39216,0.21783,0.23576,0.11427,0.23723,2.519,1.305,12.325752397909191,27.354996548823177,5.547588920028412,38.133,115.90186012499998,34.896095887499996,27.010534,32.344697704509734,0.145
EMTK,0.39859498125,0.28152,0.081140004,0.10052,0.0125899995,0.20097,6.9083749999999995,4.698624999999999,474.8534360882056,27.983710468753824,31.30136859304209,2.444,6.7832623,1.2965974,2.9511304,31.56253208241904,0.466
GMTD,0.24329,0.50396997,0.22379999,0.22222,0.029240001,0.08759,4.545,0.598,100.0773358860722,24.41350863650745,-89.75242766083986,0.003,32.027973,2.6918628,7.7847276,28.474835844499296,0.471
LPCK,0.05974,0.15842,0.04541,0.0621,0.0111,0.04306,2.574,0.127,89.68805980812117,27.358663677792453,-54.75500386519082,7.795,15.974128,0.6219698,0.9739624,29.06247256724299,0.5878749999999999
